candidate,width,planned,present,valid,invalid,missing,successes,success_fraction_valid,quality_mean
regular,1.2,2,2,2,0,0,2,1.0,0.379270324076059
regular,3.0,2,2,2,0,0,2,1.0,0.38791884945680294
regular,6.0,2,2,2,0,0,2,1.0,0.3761319226285571
regular,9.0,2,2,2,0,0,1,0.5,0.11785713407958603
regular,12.0,2,2,2,0,0,0,0.0,0.0
historical_best,1.2,2,2,2,0,0,2,1.0,0.3922648909877454
historical_best,3.0,2,2,2,0,0,2,1.0,0.39394966262531256
historical_best,6.0,2,2,2,0,0,2,1.0,0.3268111305647644
historical_best,9.0,2,2,2,0,0,0,0.0,0.07409114655452312
historical_best,12.0,2,2,2,0,0,0,0.0,0.0
historical_boundary,1.2,2,2,2,0,0,2,1.0,0.37924776136770977
historical_boundary,3.0,2,2,2,0,0,2,1.0,0.3531372042075565
historical_boundary,6.0,2,2,2,0,0,1,0.5,0.21539474654051227
historical_boundary,9.0,2,2,2,0,0,0,0.0,0.06834786056058793
historical_boundary,12.0,2,2,2,0,0,0,0.0,0.0
historical_diverse,1.2,2,2,2,0,0,2,1.0,0.38624661632350676
historical_diverse,3.0,2,2,2,0,0,2,1.0,0.3385654033967623
historical_diverse,6.0,2,2,2,0,0,0,0.0,0.11635540971306323
historical_diverse,9.0,2,2,2,0,0,0,0.0,0.008018449553235924
historical_diverse,12.0,2,2,2,0,0,0,0.0,0.0
cut_low,1.2,2,2,2,0,0,0,0.0,0.0
cut_low,3.0,2,2,2,0,0,0,0.0,0.0
cut_low,6.0,2,2,2,0,0,0,0.0,0.0
cut_low,9.0,2,2,2,0,0,0,0.0,0.0
cut_low,12.0,2,2,2,0,0,0,0.0,0.0
cut_high,1.2,2,2,2,0,0,0,0.0,0.03390969504922407
cut_high,3.0,2,2,2,0,0,0,0.0,0.040901246827391796
cut_high,6.0,2,2,2,0,0,0,0.0,0.0
cut_high,9.0,2,2,2,0,0,0,0.0,0.0
cut_high,12.0,2,2,2,0,0,0,0.0,0.0
degree_low,1.2,2,2,2,0,0,2,1.0,0.3825510127144058
degree_low,3.0,2,2,2,0,0,2,1.0,0.37184804246748626
degree_low,6.0,2,2,2,0,0,1,0.5,0.2306462323443617
degree_low,9.0,2,2,2,0,0,0,0.0,0.02080501861023713
degree_low,12.0,2,2,2,0,0,0,0.0,0.0
degree_high,1.2,2,2,2,0,0,0,0.0,0.02567290184199009
degree_high,3.0,2,2,2,0,0,0,0.0,0.017383601210380226
degree_high,6.0,2,2,2,0,0,0,0.0,0.012687857966713546
degree_high,9.0,2,2,2,0,0,0,0.0,0.0
degree_high,12.0,2,2,2,0,0,0,0.0,0.0
long_low,1.2,2,2,2,0,0,2,1.0,0.3829075591465363
long_low,3.0,2,2,2,0,0,2,1.0,0.38932604000625515
long_low,6.0,2,2,2,0,0,2,1.0,0.27665695089377057
long_low,9.0,2,2,2,0,0,0,0.0,0.03343207858330077
long_low,12.0,2,2,2,0,0,0,0.0,0.0
long_high,1.2,2,2,2,0,0,0,0.0,0.00014759864692708943
long_high,3.0,2,2,2,0,0,0,0.0,0.020371159363335053
long_high,6.0,2,2,2,0,0,0,0.0,0.0
long_high,9.0,2,2,2,0,0,0,0.0,0.0
long_high,12.0,2,2,2,0,0,0,0.0,0.0
