candidate,width,n,mean,median,sd,sem,mean_bootstrap_ci,mean_t_ci,confidence,quantiles,success_fraction,success_wilson95,invalid,missing
regular,6.0,50,0.36355590205681537,0.3633660220194999,0.025917099002212684,0.0036652312906295384,"[0.35617378431416813,0.3705388914362918]","[0.356190344016815,0.37092146009681576]",0.95,"{""0"":0.26787655659013065,""0.05"":0.3354507723434898,""0.25"":0.35344871881903484,""0.5"":0.3633660220194999,""0.75"":0.3750031410228341,""0.95"":0.3994232099341261,""1"":0.41866730361077115}",1.0,"[0.9286524008666414,1.0]",0,0
regular,6.75,50,0.32095880219211603,0.3380510203659425,0.058818317940906445,0.008318166294800262,"[0.30378819140485436,0.3361438817968464]","[0.30424282118776236,0.3376747831964697]",0.95,"{""0"":0.07670261868144265,""0.05"":0.24026806905265397,""0.25"":0.3027673873083621,""0.5"":0.3380510203659425,""0.75"":0.35899983235331157,""0.95"":0.38085712138246386,""1"":0.38726009321558147}",0.96,"[0.8653990931249297,0.9889611156723802]",0,0
regular,7.5,50,0.2519825811109998,0.26876680388540647,0.0859451502927687,0.012154479716422747,"[0.22785689659913816,0.2749962823970984]","[0.22755723965268704,0.27640792256931257]",0.95,"{""0"":0.0,""0.05"":0.08325644309289297,""0.25"":0.2071906681600187,""0.5"":0.26876680388540647,""0.75"":0.31534319898799423,""0.95"":0.35206097130304237,""1"":0.3585739700456838}",0.76,"[0.6258731624205708,0.8570260860300828]",0,0
regular,8.25,50,0.18017282144259397,0.1947257949753048,0.0884115503519038,0.012503281357809414,"[0.15622064649556486,0.20439022048311034]","[0.15504653684308053,0.2052991060421074]",0.95,"{""0"":0.0,""0.05"":0.007228857779367668,""0.25"":0.1286897707619618,""0.5"":0.1947257949753048,""0.75"":0.23280686661153094,""0.95"":0.3179411129201129,""1"":0.3407208436571423}",0.44,"[0.3116219921125717,0.5769397197834315]",0,0
regular,9.0,50,0.11687292791825317,0.11169951108484308,0.0836260177849833,0.011826504851877704,"[0.09442185505977191,0.13995246889309487]","[0.09310667662613094,0.14063917921037541]",0.95,"{""0"":0.0,""0.05"":0.0,""0.25"":0.058762695962960146,""0.5"":0.11169951108484308,""0.75"":0.17644531960890622,""0.95"":0.26427684805579915,""1"":0.29483600542319405}",0.16,"[0.08337420678033404,0.2851421606303499]",0,0
historical_best,6.0,50,0.3249652769666794,0.3306041464949122,0.030862602807769313,0.004364631146088132,"[0.31619698633456805,0.3331650318196474]","[0.3161942222962977,0.33373633163706107]",0.95,"{""0"":0.2241846187153806,""0.05"":0.2673796318314974,""0.25"":0.30756281550321185,""0.5"":0.3306041464949122,""0.75"":0.34422261694792333,""0.95"":0.3657841309678896,""1"":0.37101914387029544}",1.0,"[0.9286524008666414,1.0]",0,0
historical_best,6.75,50,0.2664679978410144,0.2768318594110591,0.057998854207676885,0.00820227662225965,"[0.24988179526270024,0.2816895492118732]","[0.24998490585283734,0.2829510898291914]",0.95,"{""0"":0.05525858099069546,""0.05"":0.17610154608001852,""0.25"":0.23829113151939857,""0.5"":0.2768318594110591,""0.75"":0.30564291340518046,""0.95"":0.3320242556814801,""1"":0.3475028355467887}",0.92,"[0.8116175308165717,0.968450485911407]",0,0
historical_best,7.5,50,0.19949265569898386,0.20927168298796062,0.07371495546354553,0.010424868976627477,"[0.17877158987621647,0.2193259304986302]","[0.17854309715323646,0.22044221424473126]",0.95,"{""0"":0.0,""0.05"":0.0703847353639172,""0.25"":0.16522742602472287,""0.5"":0.20927168298796062,""0.75"":0.25453969493413503,""0.95"":0.2921295148415632,""1"":0.3283075358042223}",0.54,"[0.40398871399157477,0.6703034780777566]",0,0
historical_best,8.25,50,0.14185278006648278,0.1484975212904803,0.07399642996270797,0.010464675482045247,"[0.12153733418576465,0.16184946599652358]","[0.12082322735317116,0.1628823327797944]",0.95,"{""0"":0.0,""0.05"":0.0045572368628173845,""0.25"":0.10341993445412787,""0.5"":0.1484975212904803,""0.75"":0.19700418342612935,""0.95"":0.23570931942567777,""1"":0.30152922377422625}",0.24,"[0.1429739139699173,0.3741268375794292]",0,0
historical_best,9.0,50,0.09026594570076908,0.07280783879552635,0.07100826531260639,0.010042085184567494,"[0.07110382764278127,0.10983107595191027]","[0.07008561998471984,0.11044627141681833]",0.95,"{""0"":0.0,""0.05"":0.0,""0.25"":0.034461457573215365,""0.5"":0.07280783879552635,""0.75"":0.15310207580732949,""0.95"":0.1933878103724751,""1"":0.24761980528393196}",0.04,"[0.011038884327619805,0.1346009068750702]",0,0
historical_boundary,6.0,50,0.22733715349619504,0.26114000025074535,0.10327761048352185,0.014605659743528234,"[0.19854498723356392,0.2552709955663699]","[0.1979859813536653,0.2566883256387248]",0.95,"{""0"":0.03285240067123378,""0.05"":0.0509303416197027,""0.25"":0.1323435983139964,""0.5"":0.26114000025074535,""0.75"":0.3137488436962715,""0.95"":0.3625329315998704,""1"":0.37229704484419385}",0.58,"[0.4423344176857823,0.7062499664528802]",0,0
historical_boundary,6.75,50,0.16405494628184067,0.17553589040335255,0.09937907819034385,0.014054324019292052,"[0.13654659475057318,0.19111669506962362]","[0.13581172475808068,0.19229816780560066]",0.95,"{""0"":0.0,""0.05"":0.016156235190227228,""0.25"":0.0746318704727185,""0.5"":0.17553589040335255,""0.75"":0.2325067160147435,""0.95"":0.3039652874261183,""1"":0.3571063645644174}",0.4,"[0.27608389730256544,0.5381856225241064]",0,0
historical_boundary,7.5,50,0.10618194762973644,0.09528173846706132,0.08667720923455169,0.012258008484815347,"[0.08284475642922486,0.13001219084595844]","[0.08154855732213141,0.13081533793734146]",0.95,"{""0"":0.0,""0.05"":0.0,""0.25"":0.03004517968571531,""0.5"":0.09528173846706132,""0.75"":0.1791766160122044,""0.95"":0.24228429794778172,""1"":0.30163884428001675}",0.2,"[0.1124375001577611,0.3303710593222542]",0,0
historical_boundary,8.25,50,0.06434215581987802,0.046716507862256,0.06789751970030104,0.009602159321166013,"[0.046337997632617735,0.08334883295916175]","[0.0450458942250931,0.08363841741466295]",0.95,"{""0"":0.0,""0.05"":0.0,""0.25"":0.0,""0.5"":0.046716507862256,""0.75"":0.11622551862788065,""0.95"":0.1777996041196465,""1"":0.24293655355994917}",0.04,"[0.011038884327619805,0.1346009068750702]",0,0
historical_boundary,9.0,50,0.042127344601088176,0.019357703176351434,0.05070691271678785,0.007171040367015014,"[0.0288331616007717,0.05639640023890016]","[0.027716599455080634,0.05653808974709572]",0.95,"{""0"":0.0,""0.05"":0.0,""0.25"":0.0,""0.5"":0.019357703176351434,""0.75"":0.08008658548752277,""0.95"":0.11764337858993168,""1"":0.18450544472427635}",0.0,"[6.938893903907228e-18,0.07134759913335872]",0,0
historical_diverse,6.0,50,0.13574266465156126,0.13387392221654187,0.0619906593780944,0.008766803123295199,"[0.1188724203103657,0.15258046756378668]","[0.11812511418619996,0.15336021511692258]",0.95,"{""0"":0.0,""0.05"":0.0295778356487045,""0.25"":0.09940841130190972,""0.5"":0.13387392221654187,""0.75"":0.17732818643609538,""0.95"":0.2400815738247409,""1"":0.2579534833881294}",0.16,"[0.08337420678033404,0.2851421606303499]",0,0
historical_diverse,6.75,50,0.10053166986525673,0.09120260702471414,0.0643881014506474,0.00910585263269603,"[0.08316406175348671,0.11805760313807608]","[0.0822327739016427,0.11883056582887076]",0.95,"{""0"":0.0,""0.05"":0.0,""0.25"":0.062341979995190894,""0.5"":0.09120260702471414,""0.75"":0.1498048573107719,""0.95"":0.20842790772081707,""1"":0.2177917912425532}",0.08,"[0.03154951408859298,0.18838246918342838]",0,0
historical_diverse,7.5,50,0.0673296496328048,0.05893817977979087,0.059647341519903016,0.008435407933694666,"[0.051434226326337935,0.083910644490323]","[0.05037806273416848,0.08428123653144112]",0.95,"{""0"":0.0,""0.05"":0.0,""0.25"":0.00317622407832126,""0.5"":0.05893817977979087,""0.75"":0.12362043909044756,""0.95"":0.17056780734700447,""1"":0.19083225112321017}",0.0,"[6.938893903907228e-18,0.07134759913335872]",0,0
historical_diverse,8.25,50,0.04152947567515576,0.009692078980977764,0.05090898507610765,0.007199617714128093,"[0.028167700441798792,0.05586008800781195]","[0.027061302200046926,0.055997649150264596]",0.95,"{""0"":0.0,""0.05"":0.0,""0.25"":0.0,""0.5"":0.009692078980977764,""0.75"":0.08346173836265477,""0.95"":0.1310668024946292,""1"":0.1806138575227562}",0.0,"[6.938893903907228e-18,0.07134759913335872]",0,0
historical_diverse,9.0,50,0.02576693694057689,0.002569067947766484,0.04015147223786545,0.005678275658803612,"[0.01546354908312399,0.03729066929195105]","[0.014356014787051435,0.037177859094102345]",0.95,"{""0"":0.0,""0.05"":0.0,""0.25"":0.0,""0.5"":0.002569067947766484,""0.75"":0.04305186088798964,""0.95"":0.0989583282031048,""1"":0.16643192798976547}",0.0,"[6.938893903907228e-18,0.07134759913335872]",0,0
cut_low,6.0,50,0.0,0.0,0.0,0.0,"[0.0,0.0]","[0.0,0.0]",0.95,"{""0"":0.0,""0.05"":0.0,""0.25"":0.0,""0.5"":0.0,""0.75"":0.0,""0.95"":0.0,""1"":0.0}",0.0,"[6.938893903907228e-18,0.07134759913335872]",0,0
cut_low,6.75,50,0.0,0.0,0.0,0.0,"[0.0,0.0]","[0.0,0.0]",0.95,"{""0"":0.0,""0.05"":0.0,""0.25"":0.0,""0.5"":0.0,""0.75"":0.0,""0.95"":0.0,""1"":0.0}",0.0,"[6.938893903907228e-18,0.07134759913335872]",0,0
cut_low,7.5,50,0.0,0.0,0.0,0.0,"[0.0,0.0]","[0.0,0.0]",0.95,"{""0"":0.0,""0.05"":0.0,""0.25"":0.0,""0.5"":0.0,""0.75"":0.0,""0.95"":0.0,""1"":0.0}",0.0,"[6.938893903907228e-18,0.07134759913335872]",0,0
cut_low,8.25,50,0.0,0.0,0.0,0.0,"[0.0,0.0]","[0.0,0.0]",0.95,"{""0"":0.0,""0.05"":0.0,""0.25"":0.0,""0.5"":0.0,""0.75"":0.0,""0.95"":0.0,""1"":0.0}",0.0,"[6.938893903907228e-18,0.07134759913335872]",0,0
cut_low,9.0,50,0.0,0.0,0.0,0.0,"[0.0,0.0]","[0.0,0.0]",0.95,"{""0"":0.0,""0.05"":0.0,""0.25"":0.0,""0.5"":0.0,""0.75"":0.0,""0.95"":0.0,""1"":0.0}",0.0,"[6.938893903907228e-18,0.07134759913335872]",0,0
cut_high,6.0,50,0.004975747186382567,0.0,0.015059967088930648,0.002129800970605818,"[0.0014166833728226891,0.009413280022537206]","[0.0006957518958392965,0.009255742476925838]",0.95,"{""0"":0.0,""0.05"":0.0,""0.25"":0.0,""0.5"":0.0,""0.75"":0.0,""0.95"":0.03896500621243607,""1"":0.07239040448135241}",0.0,"[6.938893903907228e-18,0.07134759913335872]",0,0
cut_high,6.75,50,0.0047664677073110465,0.0,0.015655445112345,0.002214014280286588,"[0.001048762841680638,0.009449225437644527]","[0.00031723943499660425,0.009215695979625488]",0.95,"{""0"":0.0,""0.05"":0.0,""0.25"":0.0,""0.5"":0.0,""0.75"":0.0,""0.95"":0.04204953407787177,""1"":0.0738209147196157}",0.0,"[6.938893903907228e-18,0.07134759913335872]",0,0
cut_high,7.5,50,0.003870226089036483,0.0,0.014511448852145899,0.002052228777638821,"[0.0005300888892250144,0.008309164409688367]","[-0.0002538820434304992,0.007994334221503465]",0.95,"{""0"":0.0,""0.05"":0.0,""0.25"":0.0,""0.5"":0.0,""0.75"":0.0,""0.95"":0.02138396801195147,""1"":0.07164241533277281}",0.0,"[6.938893903907228e-18,0.07134759913335872]",0,0
cut_high,8.25,50,0.002878948014736103,0.0,0.013138441924582526,0.0018580562758195875,"[0.0,0.006943198400795005]","[-0.0008549558663435157,0.006612851895815721]",0.95,"{""0"":0.0,""0.05"":0.0,""0.25"":0.0,""0.5"":0.0,""0.75"":0.0,""0.95"":0.0068416847123209295,""1"":0.07170454531581445}",0.0,"[6.938893903907228e-18,0.07134759913335872]",0,0
cut_high,9.0,50,0.003218215005733279,0.0,0.011842808558834546,0.0016748260480491982,"[0.0004542335230380749,0.006815024950620493]","[-0.0001474739469254152,0.006583903958391973]",0.95,"{""0"":0.0,""0.05"":0.0,""0.25"":0.0,""0.5"":0.0,""0.75"":0.0,""0.95"":0.021839991642326244,""1"":0.060853718900161835}",0.0,"[6.938893903907228e-18,0.07134759913335872]",0,0
degree_low,6.0,50,0.23082456508550467,0.23356468647012463,0.08779782559161715,0.012416487569853259,"[0.20680330725878013,0.25470035912535716]","[0.20587269913300454,0.2557764310380048]",0.95,"{""0"":0.0,""0.05"":0.07662927064475009,""0.25"":0.17753376669745646,""0.5"":0.23356468647012463,""0.75"":0.2976254183181047,""0.95"":0.3590468600028491,""1"":0.3774574187508517}",0.68,"[0.5418970269185592,0.7924178373934316]",0,0
degree_low,6.75,50,0.17158470078011148,0.184228478281164,0.09365776131077592,0.013245207626720145,"[0.1461832937405096,0.19713443960356317]","[0.14496745952281934,0.19820194203740363]",0.95,"{""0"":0.0,""0.05"":0.012868759407575989,""0.25"":0.10420569237175911,""0.5"":0.184228478281164,""0.75"":0.23457564765276362,""0.95"":0.3187350445475593,""1"":0.3633657655406393}",0.36,"[0.24138749651846741,0.49858983123887307]",0,0
degree_low,7.5,50,0.1205007490038318,0.12178881056797647,0.08869445815889516,0.012543290563564255,"[0.09687049684799068,0.14509160777393867]","[0.09529406289517621,0.14570743511248738]",0.95,"{""0"":0.0,""0.05"":0.0,""0.25"":0.04458647461934392,""0.5"":0.12178881056797647,""0.75"":0.17057921405796173,""0.95"":0.2571084280380519,""1"":0.3290158486327708}",0.18,"[0.09770192670234178,0.30796053674300783]",0,0
degree_low,8.25,50,0.079446376527749,0.06796081616118929,0.07725553728783369,0.010925582860087475,"[0.059083247539501046,0.10120427326915099]","[0.05749059576091356,0.10140215729458443]",0.95,"{""0"":0.0,""0.05"":0.0,""0.25"":0.0,""0.5"":0.06796081616118929,""0.75"":0.1298855972302685,""0.95"":0.20695493134257834,""1"":0.27387714230004706}",0.08,"[0.03154951408859298,0.18838246918342838]",0,0
degree_low,9.0,50,0.05006669437288616,0.018363166033864935,0.06184882238993758,0.008746744344065447,"[0.033730112706208445,0.06777341981807367]","[0.03248945353355201,0.06764393521222031]",0.95,"{""0"":0.0,""0.05"":0.0,""0.25"":0.0,""0.5"":0.018363166033864935,""0.75"":0.08227742137006339,""0.95"":0.18510630680982906,""1"":0.2121902599153615}",0.04,"[0.011038884327619805,0.1346009068750702]",0,0
degree_high,6.0,50,0.01155707140484783,0.0,0.022691844696050154,0.003209111452441811,"[0.0058865342364913635,0.018160150955687935]","[0.005108120496832919,0.01800602231286274]",0.95,"{""0"":0.0,""0.05"":0.0,""0.25"":0.0,""0.5"":0.0,""0.75"":0.011964079309154137,""0.95"":0.06396533214718665,""1"":0.09018371154616925}",0.0,"[6.938893903907228e-18,0.07134759913335872]",0,0
degree_high,6.75,50,0.008810749010453839,0.0,0.01962437674523306,0.002775305974622777,"[0.0039621622719148136,0.014655781886729386]","[0.003233562848395077,0.0143879351725126]",0.95,"{""0"":0.0,""0.05"":0.0,""0.25"":0.0,""0.5"":0.0,""0.75"":0.003790775142879239,""0.95"":0.05626190942483322,""1"":0.08648090020032634}",0.0,"[6.938893903907228e-18,0.07134759913335872]",0,0
degree_high,7.5,50,0.006092074131558883,0.0,0.016048586520672245,0.002269612871445273,"[0.00223822803647192,0.010976434659477568]","[0.001531116307232675,0.01065303195588509]",0.95,"{""0"":0.0,""0.05"":0.0,""0.25"":0.0,""0.5"":0.0,""0.75"":0.0,""0.95"":0.03966826085453531,""1"":0.08590372820204807}",0.0,"[6.938893903907228e-18,0.07134759913335872]",0,0
degree_high,8.25,50,0.004481181831847147,0.0,0.014251740132221608,0.002015500418240472,"[0.0011812369233545992,0.008967152617049733]","[0.0004308821009274691,0.008531481562766823]",0.95,"{""0"":0.0,""0.05"":0.0,""0.25"":0.0,""0.5"":0.0,""0.75"":0.0,""0.95"":0.03482842085311304,""1"":0.08198364324021937}",0.0,"[6.938893903907228e-18,0.07134759913335872]",0,0
degree_high,9.0,50,0.003415014905556866,0.0,0.011010650439721763,0.00155714111824038,"[0.0007842669341959821,0.006837431971966444]","[0.00028582267362526606,0.006544207137488467]",0.95,"{""0"":0.0,""0.05"":0.0,""0.25"":0.0,""0.5"":0.0,""0.75"":0.0,""0.95"":0.024163095173103895,""1"":0.05168151364755037}",0.0,"[6.938893903907228e-18,0.07134759913335872]",0,0
long_low,6.0,50,0.22158870726151875,0.2297602930670689,0.07130130155759015,0.010083526767759787,"[0.2020122613868186,0.2411781303663521]","[0.20132510156609884,0.24185231295693865]",0.95,"{""0"":0.0,""0.05"":0.10502382564171478,""0.25"":0.18187078943981128,""0.5"":0.2297602930670689,""0.75"":0.26506855383601935,""0.95"":0.3216507362168707,""1"":0.35881875688317705}",0.64,"[0.501410168761127,0.7586125034815325]",0,0
long_low,6.75,50,0.1633225239059346,0.16041589198862655,0.07626492116206002,0.010785488584070014,"[0.1426058212915824,0.18417837965787134]","[0.1416482731270474,0.1849967746848218]",0.95,"{""0"":0.0,""0.05"":0.012469945593871556,""0.25"":0.12304348571877258,""0.5"":0.16041589198862655,""0.75"":0.22610816411701118,""0.95"":0.2638506581696132,""1"":0.2862186010622138}",0.42,"[0.2937500335471198,0.5576655823142176]",0,0
long_low,7.5,50,0.1114018239323343,0.11102209427490911,0.0799455137727141,0.011306002982825733,"[0.08987798255214285,0.13317182057608085]","[0.08868156030713839,0.13412208755753022]",0.95,"{""0"":0.0,""0.05"":0.0,""0.25"":0.04026801425968863,""0.5"":0.11102209427490911,""0.75"":0.17716014555460696,""0.95"":0.22875040347548026,""1"":0.2617200561972189}",0.14,"[0.06950833427016294,0.2618619371058554]",0,0
long_low,8.25,50,0.07245015645751536,0.05389529094589462,0.0728553562068775,0.010303303283928901,"[0.053104224648165936,0.09238119348725685]","[0.05174489331749947,0.09315541959753125]",0.95,"{""0"":0.0,""0.05"":0.0,""0.25"":0.0,""0.5"":0.05389529094589462,""0.75"":0.13849714983088293,""0.95"":0.18608751885220887,""1"":0.23153569752853315}",0.02,"[0.003539259271646236,0.10495443589637815]",0,0
long_low,9.0,50,0.04708822359258992,0.0036837801575546935,0.05970589628438703,0.008443688827902151,"[0.03142042447590299,0.06370220328402482]","[0.030119995614012948,0.06405645157116689]",0.95,"{""0"":0.0,""0.05"":0.0,""0.25"":0.0,""0.5"":0.0036837801575546935,""0.75"":0.08218333422852528,""0.95"":0.15665598919756615,""1"":0.17996054646824738}",0.0,"[6.938893903907228e-18,0.07134759913335872]",0,0
long_high,6.0,50,0.004454861166701459,0.0,0.014274739818431208,0.0020187530650572667,"[0.0010607815243421138,0.008732538547314102]","[0.00039802499728362403,0.008511697336119294]",0.95,"{""0"":0.0,""0.05"":0.0,""0.25"":0.0,""0.5"":0.0,""0.75"":0.0,""0.95"":0.038239254114484214,""1"":0.0681720036492939}",0.0,"[6.938893903907228e-18,0.07134759913335872]",0,0
long_high,6.75,50,0.0030134730237776942,0.0,0.010347168690031869,0.001463310629360532,"[0.0005704570473975515,0.0061217339807816155]","[7.284021878676671e-05,0.005954105828768622]",0.95,"{""0"":0.0,""0.05"":0.0,""0.25"":0.0,""0.5"":0.0,""0.75"":0.0,""0.95"":0.024413756918322118,""1"":0.05331638529741257}",0.0,"[6.938893903907228e-18,0.07134759913335872]",0,0
long_high,7.5,50,0.001799615960175537,0.0,0.006845449082675292,0.000968092693325386,"[0.00031514950098073674,0.003946156894602987]","[-0.0001458391435769093,0.0037450710639279836]",0.95,"{""0"":0.0,""0.05"":0.0,""0.25"":0.0,""0.5"":0.0,""0.75"":0.0,""0.95"":0.009623644057132282,""1"":0.04425607569097337}",0.0,"[6.938893903907228e-18,0.07134759913335872]",0,0
long_high,8.25,50,0.002075613025244757,0.0,0.00770398332535391,0.0010895077703011674,"[0.00026189520213772046,0.004444318015551208]","[-0.00011383481061236038,0.004265060861101874]",0.95,"{""0"":0.0,""0.05"":0.0,""0.25"":0.0,""0.5"":0.0,""0.75"":0.0,""0.95"":0.013676378495185616,""1"":0.0382751956256849}",0.0,"[6.938893903907228e-18,0.07134759913335872]",0,0
long_high,9.0,50,0.0033795935341067768,0.0,0.011294631896794098,0.0015973021610457968,"[0.0008158228890568062,0.006853251770168879]","[0.0001696946650561232,0.00658949240315743]",0.95,"{""0"":0.0,""0.05"":0.0,""0.25"":0.0,""0.5"":0.0,""0.75"":0.0,""0.95"":0.022945643851359006,""1"":0.0668854031662364}",0.0,"[6.938893903907228e-18,0.07134759913335872]",0,0
